ysql> SELECT * FROM EMP;

-----------------------------------------------------------------------------------------------------------------------------------------------------------------------------------------------------



mysql> SELECT MAX(SALARY)
    -> FROM EMP;
+-------------+
| MAX(SALARY) |
+-------------+
|    54900.00 |
+-------------+
1 row in set (0.07 sec)
-----------------------------------------------------------------------------------------------------------------------------------------------------------------------------------------------------



mysql> SELECT MIN(SALARY)
    -> FROM EMP;
+-------------+
| MIN(SALARY) |
+-------------+
|    12000.12 |
+-------------+
1 row in set (0.00 sec)
-----------------------------------------------------------------------------------------------------------------------------------------------------------------------------------------------------


mysql> SELECT COUNT(*)
    -> FROM EMP;

-----------------------------------------------------------------------------------------------------------------------------------------------------------------------------------------------------



mysql> SELECT AVG(SALARY)
    -> FROM EMP;
+--------------+
| AVG(SALARY)  |
+--------------+
| 24600.067273 |
+--------------+
1 row in set (0.00 sec)

-----------------------------------------------------------------------------------------------------------------------------------------------------------------------------------------------------

mysql> SELECT SUM(SALARY)
    -> FROM EMP;

-----------------------------------------------------------------------------------------------------------------------------------------------------------------------------------------------------

mysql> SELECT CONCAT(SALARY,NAME)
    -> FROM EMP;

-----------------------------------------------------------------------------------------------------------------------------------------------------------------------------------------------------

mysql> SELECT LOWER(NAME)
    -> FROM EMP;

-----------------------------------------------------------------------------------------------------------------------------------------------------------------------------------------------------

mysql> SELECT UPPER(EMAILID)
    -> FROM EMP;

----------------------------------------------------------------------------------------------------------------------------------------------------------------------------------------------------

mysql> SELECT REVERSE(NAME)
    -> FROM EMP;


-----------------------------------------------------------------------------------------------------------------------------------------------------------------------------------------------------------

mysql> SELECT LENGTH(NAME)
    -> FROM EMP;


-----------------------------------------------------------------------------------------------------------------------------------------------------------------------------------------------------


mysql> SELECT DEPTID
    -> FROM EMP
    -> GROUP BY DEPTID;

-----------------------------------------------------------------------------------------------------------------------------------------------------------------------------------------------------

mysql> SELECT * FROM EMP
    -> GROUP BY DESIGNATION;

-----------------------------------------------------------------------------------------------------------------------------------------------------------------------------------------------------

mysql> SELECT COUNT(LOCATION)
    -> FROM DEPT
    -> GROUP BY LOCATION;

-----------------------------------------------------------------------------------------------------------------------------------------------------------------------------------------------------

mysql> SELECT COUNT(DEPTID)
    -> FROM EMP
    -> GROUP BY DEPTID;

-----------------------------------------------------------------------------------------------------------------------------------------------------------------------------------------------------

mysql> SELECT MAX(SALARY),SALARY
    -> FROM EMP
    -> GROUP BY SALARY
    -> HAVING MAX(SALARY)>15000;


----------------------------------------------------------------------------------------------------------------------------------------------------------------------------------------------------


mysql> INSERT INTO EMP(EID,NAME,MOBILENO,EMAILID,DOB,DESIGNATION,SALARY,DEPTID,DOJ,BLOODGROUP,GENDER,AGE) VALUES(21,'SHIV',6352123983,'shiva@gmail.com','1991-06-14','TESTER',20000,20,'2016-2-21','O+VE','MALE',21);
Query OK, 1 row affected (0.38 sec)

mysql> SELECT * FROM EMP;

mysql> ROLLBACK;
Query OK, 0 rows affected (0.00 sec)

-----------------------------------------------------------------------------------------------------------------------------------------------------------------------------------------------------


mysql> SET AUTOCOMMIT =0;
Query OK, 0 rows affected (0.03 sec)

-----------------------------------------------------------------------------------------------------------------------------------------------------------------------------------------------------

mysql> INSERT INTO EMP(EID,NAME,MOBILENO,EMAILID,DOB,DESIGNATION,SALARY,DEPTID,DOJ,BLOODGROUP,GENDER,AGE) VALUES(22,'JAVWED',6352123944,'jwd@gmail.com','1991-06-14','TESTER',20000,20,'2016-2-21','O+VE','MALE',22);
Query OK, 1 row affected (0.00 sec)

mysql> SELECT * FROM EMP;


mysql> ROLLBACK;
Query OK, 0 rows affected (0.11 sec)
----------------------------------------------------------------------------------------------------------------------------------------------------------------------------------------------------
mysql> SELECT * FROM EMP;
