
mysql> SELECT * FROM EMP;
+-----+---------+------------+-------------------+------------+-------------+----------+--------+------------+------------+--------+------+
| EID | NAME    | MOBILENO   | EMAILID           | DOB        | DESIGNATION | SALARY   | DEPTID | DOJ        | BLOODGROUP | GENDER | AGE  |
+-----+---------+------------+-------------------+------------+-------------+----------+--------+------------+------------+--------+------+
|  10 | ANUJ    | 9834265234 | anujJ@gmail.com   | 1997-04-12 | TESTER      | 12000.12 |     10 | 2012-02-21 | B+VE       | MALE   |   31 |
|  11 | POOJA   | 8834445235 | pooja@gmail.com   | 1996-06-11 | DEVLOPER    | 18000.12 |     20 | 2016-04-25 | B+VE       | FEMALE |   28 |
|  12 | RAJDEEP | 6833245265 | rajdeep@gmail.com | 1997-06-21 | DEVLOPER    | 32000.00 |     20 | 2020-02-12 | B+VE       | MALE   |   27 |
|  13 | AMIT    | 7831295245 | amit@gmail.com    | 1995-09-14 | DEVLOPER    | 15000.00 |     30 | 2016-08-13 | B+VE       | MALE   |   24 |
|  14 | JEEVAN  | 8835595245 | jvn@gmail.com     | 1996-10-19 | HR          | 15800.00 |     40 | 2014-05-21 | AB+VE      | MALE   |   31 |
|  15 | SHRUTI  | 9565595291 | shtti@gmail.com   | 1996-04-23 | ANALYST     | 19900.50 |     10 | 2013-07-11 | O+VE       | FEMALE |   20 |
|  16 | JYOTI   | 6565595990 | jyoti@gmail.com   | 1992-06-12 | MANAGER     | 54900.00 |     40 | 2010-07-30 | O+VE       | FEMALE |   23 |
|  17 | VIRAT   | 6565591234 | vikk@gmail.com    | 1997-02-02 | DEVLOPER    | 14000.00 |     20 | 2018-07-10 | A-VE       | MALE   |   23 |
|  18 | DEEPAK  | 8965594321 | deep@gmail.com    | 1997-12-22 | TESTER      | 24000.00 |     10 | 2017-05-30 | A+VE       | MALE   |   26 |
|  19 | JUHI    | 6965595702 | juhi@gmail.com    | 1997-05-14 | HR          | 34000.00 |     30 | 2017-05-22 | A+VE       | FEMALE |   20 |
|  20 | ANKIT   | 9835554384 | NULL              | NULL       | NULL        | 31000.00 |   NULL | NULL       | NULL       | NULL   |   23 |
+-----+---------+------------+-------------------+------------+-------------+----------+--------+------------+------------+--------+------+
11 rows in set (0.00 sec)
-----------------------------------------------------------------------------------------------------------------------------------------------------------------------------------------------------



mysql> SELECT MAX(SALARY)
    -> FROM EMP;
+-------------+
| MAX(SALARY) |
+-------------+
|    54900.00 |
+-------------+
1 row in set (0.07 sec)
-----------------------------------------------------------------------------------------------------------------------------------------------------------------------------------------------------



mysql> SELECT MIN(SALARY)
    -> FROM EMP;
+-------------+
| MIN(SALARY) |
+-------------+
|    12000.12 |
+-------------+
1 row in set (0.00 sec)
-----------------------------------------------------------------------------------------------------------------------------------------------------------------------------------------------------


mysql> SELECT COUNT(*)
    -> FROM EMP;
+----------+
| COUNT(*) |
+----------+
|       11 |
+----------+
1 row in set (0.00 sec)

-----------------------------------------------------------------------------------------------------------------------------------------------------------------------------------------------------



mysql> SELECT AVG(SALARY)
    -> FROM EMP;
+--------------+
| AVG(SALARY)  |
+--------------+
| 24600.067273 |
+--------------+
1 row in set (0.00 sec)

-----------------------------------------------------------------------------------------------------------------------------------------------------------------------------------------------------

mysql> SELECT SUM(SALARY)
    -> FROM EMP;
+-------------+
| SUM(SALARY) |
+-------------+
|   270600.74 |
+-------------+
1 row in set (0.00 sec)
-----------------------------------------------------------------------------------------------------------------------------------------------------------------------------------------------------

mysql> SELECT CONCAT(SALARY,NAME)
    -> FROM EMP;
+---------------------+
| CONCAT(SALARY,NAME) |
+---------------------+
| 12000.12ANUJ        |
| 18000.12POOJA       |
| 32000.00RAJDEEP     |
| 15000.00AMIT        |
| 15800.00JEEVAN      |
| 19900.50SHRUTI      |
| 54900.00JYOTI       |
| 14000.00VIRAT       |
| 24000.00DEEPAK      |
| 34000.00JUHI        |
| 31000.00ANKIT       |
+---------------------+
11 rows in set (0.16 sec)

-----------------------------------------------------------------------------------------------------------------------------------------------------------------------------------------------------

mysql> SELECT LOWER(NAME)
    -> FROM EMP;
+-------------+
| LOWER(NAME) |
+-------------+
| anuj        |
| pooja       |
| rajdeep     |
| amit        |
| jeevan      |
| shruti      |
| jyoti       |
| virat       |
| deepak      |
| juhi        |
| ankit       |
+-------------+
11 rows in set (0.06 sec)

-----------------------------------------------------------------------------------------------------------------------------------------------------------------------------------------------------

mysql> SELECT UPPER(EMAILID)
    -> FROM EMP;
+-------------------+
| UPPER(EMAILID)    |
+-------------------+
| ANUJJ@GMAIL.COM   |
| POOJA@GMAIL.COM   |
| RAJDEEP@GMAIL.COM |
| AMIT@GMAIL.COM    |
| JVN@GMAIL.COM     |
| SHTTI@GMAIL.COM   |
| JYOTI@GMAIL.COM   |
| VIKK@GMAIL.COM    |
| DEEP@GMAIL.COM    |
| JUHI@GMAIL.COM    |
| NULL              |
+-------------------+
11 rows in set (0.00 sec)

----------------------------------------------------------------------------------------------------------------------------------------------------------------------------------------------------

mysql> SELECT REVERSE(NAME)
    -> FROM EMP;
+---------------+
| REVERSE(NAME) |
+---------------+
| JUNA          |
| AJOOP         |
| PEEDJAR       |
| TIMA          |
| NAVEEJ        |
| ITURHS        |
| ITOYJ         |
| TARIV         |
| KAPEED        |
| IHUJ          |
| TIKNA         |
+---------------+
11 rows in set (0.02 sec)

-----------------------------------------------------------------------------------------------------------------------------------------------------------------------------------------------------------

mysql> SELECT LENGTH(NAME)
    -> FROM EMP;
+--------------+
| LENGTH(NAME) |
+--------------+
|            4 |
|            5 |
|            7 |
|            4 |
|            6 |
|            6 |
|            5 |
|            5 |
|            6 |
|            4 |
|            5 |
+--------------+
11 rows in set (0.01 sec)


-----------------------------------------------------------------------------------------------------------------------------------------------------------------------------------------------------


mysql> SELECT DEPTID
    -> FROM EMP
    -> GROUP BY DEPTID;
+--------+
| DEPTID |
+--------+
|   NULL |
|     10 |
|     20 |
|     30 |
|     40 |
+--------+
5 rows in set (0.06 sec)

-----------------------------------------------------------------------------------------------------------------------------------------------------------------------------------------------------

mysql> SELECT * FROM EMP
    -> GROUP BY DESIGNATION;
+-----+--------+------------+-----------------+------------+-------------+----------+--------+------------+------------+--------+------+
| EID | NAME   | MOBILENO   | EMAILID         | DOB        | DESIGNATION | SALARY   | DEPTID | DOJ        | BLOODGROUP | GENDER | AGE  |
+-----+--------+------------+-----------------+------------+-------------+----------+--------+------------+------------+--------+------+
|  20 | ANKIT  | 9835554384 | NULL            | NULL       | NULL        | 31000.00 |   NULL | NULL       | NULL       | NULL   |   23 |
|  15 | SHRUTI | 9565595291 | shtti@gmail.com | 1996-04-23 | ANALYST     | 19900.50 |     10 | 2013-07-11 | O+VE       | FEMALE |   20 |
|  11 | POOJA  | 8834445235 | pooja@gmail.com | 1996-06-11 | DEVLOPER    | 18000.12 |     20 | 2016-04-25 | B+VE       | FEMALE |   28 |
|  14 | JEEVAN | 8835595245 | jvn@gmail.com   | 1996-10-19 | HR          | 15800.00 |     40 | 2014-05-21 | AB+VE      | MALE   |   31 |
|  16 | JYOTI  | 6565595990 | jyoti@gmail.com | 1992-06-12 | MANAGER     | 54900.00 |     40 | 2010-07-30 | O+VE       | FEMALE |   23 |
|  10 | ANUJ   | 9834265234 | anujJ@gmail.com | 1997-04-12 | TESTER      | 12000.12 |     10 | 2012-02-21 | B+VE       | MALE   |   31 |
+-----+--------+------------+-----------------+------------+-------------+----------+--------+------------+------------+--------+------+
6 rows in set (0.01 sec)

-----------------------------------------------------------------------------------------------------------------------------------------------------------------------------------------------------

mysql> SELECT COUNT(LOCATION)
    -> FROM DEPT
    -> GROUP BY LOCATION;
+-----------------+
| COUNT(LOCATION) |
+-----------------+
|               1 |
|               1 |
|               1 |
|               1 |
+-----------------+
4 rows in set (0.06 sec)

-----------------------------------------------------------------------------------------------------------------------------------------------------------------------------------------------------

mysql> SELECT COUNT(DEPTID)
    -> FROM EMP
    -> GROUP BY DEPTID;
+---------------+
| COUNT(DEPTID) |
+---------------+
|             0 |
|             3 |
|             3 |
|             2 |
|             2 |
+---------------+
5 rows in set (0.00 sec)

-----------------------------------------------------------------------------------------------------------------------------------------------------------------------------------------------------

mysql> SELECT MAX(SALARY),SALARY
    -> FROM EMP
    -> GROUP BY SALARY
    -> HAVING MAX(SALARY)>15000;
+-------------+----------+
| MAX(SALARY) | SALARY   |
+-------------+----------+
|    15800.00 | 15800.00 |
|    18000.12 | 18000.12 |
|    19900.50 | 19900.50 |
|    24000.00 | 24000.00 |
|    31000.00 | 31000.00 |
|    32000.00 | 32000.00 |
|    34000.00 | 34000.00 |
|    54900.00 | 54900.00 |
+-------------+----------+
8 rows in set (0.00 sec)

----------------------------------------------------------------------------------------------------------------------------------------------------------------------------------------------------


mysql> INSERT INTO EMP(EID,NAME,MOBILENO,EMAILID,DOB,DESIGNATION,SALARY,DEPTID,DOJ,BLOODGROUP,GENDER,AGE) VALUES(21,'SHIV',6352123983,'shiva@gmail.com','1991-06-14','TESTER',20000,20,'2016-2-21','O+VE','MALE',21);
Query OK, 1 row affected (0.38 sec)

mysql> SELECT * FROM EMP;
+-----+---------+------------+-------------------+------------+-------------+----------+--------+------------+------------+--------+------+
| EID | NAME    | MOBILENO   | EMAILID           | DOB        | DESIGNATION | SALARY   | DEPTID | DOJ        | BLOODGROUP | GENDER | AGE  |
+-----+---------+------------+-------------------+------------+-------------+----------+--------+------------+------------+--------+------+
|  10 | ANUJ    | 9834265234 | anujJ@gmail.com   | 1997-04-12 | TESTER      | 12000.12 |     10 | 2012-02-21 | B+VE       | MALE   |   31 |
|  11 | POOJA   | 8834445235 | pooja@gmail.com   | 1996-06-11 | DEVLOPER    | 18000.12 |     20 | 2016-04-25 | B+VE       | FEMALE |   28 |
|  12 | RAJDEEP | 6833245265 | rajdeep@gmail.com | 1997-06-21 | DEVLOPER    | 32000.00 |     20 | 2020-02-12 | B+VE       | MALE   |   27 |
|  13 | AMIT    | 7831295245 | amit@gmail.com    | 1995-09-14 | DEVLOPER    | 15000.00 |     30 | 2016-08-13 | B+VE       | MALE   |   24 |
|  14 | JEEVAN  | 8835595245 | jvn@gmail.com     | 1996-10-19 | HR          | 15800.00 |     40 | 2014-05-21 | AB+VE      | MALE   |   31 |
|  15 | SHRUTI  | 9565595291 | shtti@gmail.com   | 1996-04-23 | ANALYST     | 19900.50 |     10 | 2013-07-11 | O+VE       | FEMALE |   20 |
|  16 | JYOTI   | 6565595990 | jyoti@gmail.com   | 1992-06-12 | MANAGER     | 54900.00 |     40 | 2010-07-30 | O+VE       | FEMALE |   23 |
|  17 | VIRAT   | 6565591234 | vikk@gmail.com    | 1997-02-02 | DEVLOPER    | 14000.00 |     20 | 2018-07-10 | A-VE       | MALE   |   23 |
|  18 | DEEPAK  | 8965594321 | deep@gmail.com    | 1997-12-22 | TESTER      | 24000.00 |     10 | 2017-05-30 | A+VE       | MALE   |   26 |
|  19 | JUHI    | 6965595702 | juhi@gmail.com    | 1997-05-14 | HR          | 34000.00 |     30 | 2017-05-22 | A+VE       | FEMALE |   20 |
|  20 | ANKIT   | 9835554384 | NULL              | NULL       | NULL        | 31000.00 |   NULL | NULL       | NULL       | NULL   |   23 |
|  21 | SHIV    | 6352123983 | shiva@gmail.com   | 1991-06-14 | TESTER      | 20000.00 |     20 | 2016-02-21 | O+VE       | MALE   |   21 |
+-----+---------+------------+-------------------+------------+-------------+----------+--------+------------+------------+--------+------+
12 rows in set (0.00 sec)

mysql> ROLLBACK;
Query OK, 0 rows affected (0.00 sec)

-----------------------------------------------------------------------------------------------------------------------------------------------------------------------------------------------------


mysql> SET AUTOCOMMIT =0;
Query OK, 0 rows affected (0.03 sec)

-----------------------------------------------------------------------------------------------------------------------------------------------------------------------------------------------------

mysql> INSERT INTO EMP(EID,NAME,MOBILENO,EMAILID,DOB,DESIGNATION,SALARY,DEPTID,DOJ,BLOODGROUP,GENDER,AGE) VALUES(22,'JAVWED',6352123944,'jwd@gmail.com','1991-06-14','TESTER',20000,20,'2016-2-21','O+VE','MALE',22);
Query OK, 1 row affected (0.00 sec)

mysql> SELECT * FROM EMP;
+-----+---------+------------+-------------------+------------+-------------+----------+--------+------------+------------+--------+------+
| EID | NAME    | MOBILENO   | EMAILID           | DOB        | DESIGNATION | SALARY   | DEPTID | DOJ        | BLOODGROUP | GENDER | AGE  |
+-----+---------+------------+-------------------+------------+-------------+----------+--------+------------+------------+--------+------+
|  10 | ANUJ    | 9834265234 | anujJ@gmail.com   | 1997-04-12 | TESTER      | 12000.12 |     10 | 2012-02-21 | B+VE       | MALE   |   31 |
|  11 | POOJA   | 8834445235 | pooja@gmail.com   | 1996-06-11 | DEVLOPER    | 18000.12 |     20 | 2016-04-25 | B+VE       | FEMALE |   28 |
|  12 | RAJDEEP | 6833245265 | rajdeep@gmail.com | 1997-06-21 | DEVLOPER    | 32000.00 |     20 | 2020-02-12 | B+VE       | MALE   |   27 |
|  13 | AMIT    | 7831295245 | amit@gmail.com    | 1995-09-14 | DEVLOPER    | 15000.00 |     30 | 2016-08-13 | B+VE       | MALE   |   24 |
|  14 | JEEVAN  | 8835595245 | jvn@gmail.com     | 1996-10-19 | HR          | 15800.00 |     40 | 2014-05-21 | AB+VE      | MALE   |   31 |
|  15 | SHRUTI  | 9565595291 | shtti@gmail.com   | 1996-04-23 | ANALYST     | 19900.50 |     10 | 2013-07-11 | O+VE       | FEMALE |   20 |
|  16 | JYOTI   | 6565595990 | jyoti@gmail.com   | 1992-06-12 | MANAGER     | 54900.00 |     40 | 2010-07-30 | O+VE       | FEMALE |   23 |
|  17 | VIRAT   | 6565591234 | vikk@gmail.com    | 1997-02-02 | DEVLOPER    | 14000.00 |     20 | 2018-07-10 | A-VE       | MALE   |   23 |
|  18 | DEEPAK  | 8965594321 | deep@gmail.com    | 1997-12-22 | TESTER      | 24000.00 |     10 | 2017-05-30 | A+VE       | MALE   |   26 |
|  19 | JUHI    | 6965595702 | juhi@gmail.com    | 1997-05-14 | HR          | 34000.00 |     30 | 2017-05-22 | A+VE       | FEMALE |   20 |
|  20 | ANKIT   | 9835554384 | NULL              | NULL       | NULL        | 31000.00 |   NULL | NULL       | NULL       | NULL   |   23 |
|  21 | SHIV    | 6352123983 | shiva@gmail.com   | 1991-06-14 | TESTER      | 20000.00 |     20 | 2016-02-21 | O+VE       | MALE   |   21 |
|  22 | JAVWED  | 6352123944 | jwd@gmail.com     | 1991-06-14 | TESTER      | 20000.00 |     20 | 2016-02-21 | O+VE       | MALE   |   22 |
+-----+---------+------------+-------------------+------------+-------------+----------+--------+------------+------------+--------+------+
13 rows in set (0.00 sec)

mysql> ROLLBACK;
Query OK, 0 rows affected (0.11 sec)
----------------------------------------------------------------------------------------------------------------------------------------------------------------------------------------------------
mysql> SELECT * FROM EMP;
+-----+---------+------------+-------------------+------------+-------------+----------+--------+------------+------------+--------+------+
| EID | NAME    | MOBILENO   | EMAILID           | DOB        | DESIGNATION | SALARY   | DEPTID | DOJ        | BLOODGROUP | GENDER | AGE  |
+-----+---------+------------+-------------------+------------+-------------+----------+--------+------------+------------+--------+------+
|  10 | ANUJ    | 9834265234 | anujJ@gmail.com   | 1997-04-12 | TESTER      | 12000.12 |     10 | 2012-02-21 | B+VE       | MALE   |   31 |
|  11 | POOJA   | 8834445235 | pooja@gmail.com   | 1996-06-11 | DEVLOPER    | 18000.12 |     20 | 2016-04-25 | B+VE       | FEMALE |   28 |
|  12 | RAJDEEP | 6833245265 | rajdeep@gmail.com | 1997-06-21 | DEVLOPER    | 32000.00 |     20 | 2020-02-12 | B+VE       | MALE   |   27 |
|  13 | AMIT    | 7831295245 | amit@gmail.com    | 1995-09-14 | DEVLOPER    | 15000.00 |     30 | 2016-08-13 | B+VE       | MALE   |   24 |
|  14 | JEEVAN  | 8835595245 | jvn@gmail.com     | 1996-10-19 | HR          | 15800.00 |     40 | 2014-05-21 | AB+VE      | MALE   |   31 |
|  15 | SHRUTI  | 9565595291 | shtti@gmail.com   | 1996-04-23 | ANALYST     | 19900.50 |     10 | 2013-07-11 | O+VE       | FEMALE |   20 |
|  16 | JYOTI   | 6565595990 | jyoti@gmail.com   | 1992-06-12 | MANAGER     | 54900.00 |     40 | 2010-07-30 | O+VE       | FEMALE |   23 |
|  17 | VIRAT   | 6565591234 | vikk@gmail.com    | 1997-02-02 | DEVLOPER    | 14000.00 |     20 | 2018-07-10 | A-VE       | MALE   |   23 |
|  18 | DEEPAK  | 8965594321 | deep@gmail.com    | 1997-12-22 | TESTER      | 24000.00 |     10 | 2017-05-30 | A+VE       | MALE   |   26 |
|  19 | JUHI    | 6965595702 | juhi@gmail.com    | 1997-05-14 | HR          | 34000.00 |     30 | 2017-05-22 | A+VE       | FEMALE |   20 |
|  20 | ANKIT   | 9835554384 | NULL              | NULL       | NULL        | 31000.00 |   NULL | NULL       | NULL       | NULL   |   23 |
|  21 | SHIV    | 6352123983 | shiva@gmail.com   | 1991-06-14 | TESTER      | 20000.00 |     20 | 2016-02-21 | O+VE       | MALE   |   21 |
+-----+---------+------------+-------------------+------------+-------------+----------+--------+------------+------------+--------+------+
12 rows in set (0.00 sec)
